Workbook

Sheet Planning
A1: Niveau | B1: Classe | C1: Code UE | D1: Cours (intitulé) | E1: Enseignant | F1: Jour | G1: Horaire | H1: Type Cours | I1: Observations
A2: LICENCE 3 | B2: TIC L3 | C2: TIC336 | D2: Re-ingénierie des processus métiers | E2: M DAOUDA | F2: Lundi | G2: 7h30-10h00 | H2: CM | I2: Ligne d'exemple - À SUPPRIMER
D3: =IFERROR(VLOOKUP(C3,Référentiel!$C$2:$D$13,2,FALSE()),"")
D4: =IFERROR(VLOOKUP(C4,Référentiel!$C$2:$D$13,2,FALSE()),"")
D5: =IFERROR(VLOOKUP(C5,Référentiel!$C$2:$D$13,2,FALSE()),"")
D6: =IFERROR(VLOOKUP(C6,Référentiel!$C$2:$D$13,2,FALSE()),"")
D7: =IFERROR(VLOOKUP(C7,Référentiel!$C$2:$D$13,2,FALSE()),"")
D8: =IFERROR(VLOOKUP(C8,Référentiel!$C$2:$D$13,2,FALSE()),"")
D9: =IFERROR(VLOOKUP(C9,Référentiel!$C$2:$D$13,2,FALSE()),"")
D10: =IFERROR(VLOOKUP(C10,Référentiel!$C$2:$D$13,2,FALSE()),"")
D11: =IFERROR(VLOOKUP(C11,Référentiel!$C$2:$D$13,2,FALSE()),"")
D12: =IFERROR(VLOOKUP(C12,Référentiel!$C$2:$D$13,2,FALSE()),"")
D13: =IFERROR(VLOOKUP(C13,Référentiel!$C$2:$D$13,2,FALSE()),"")
D14: =IFERROR(VLOOKUP(C14,Référentiel!$C$2:$D$13,2,FALSE()),"")
... D102: =IFERROR(VLOOKUP(C102,Référentiel!$C$2:$D$13,2,FALSE()),"")

Sheet Instructions
A1: FSChrono - Guide de remplissage du planning hebdomadaire
A3: Département : TIC (Technologies de l'Information et de la Communication)
A4: Année académique : 2025-2026 | Semestre : 1
A6: 📋 PROCÉDURE
A7: 1. Ouvrez l'onglet 'Planning' (en bas à gauche)
A8: 2. SUPPRIMEZ la ligne 2 (exemple grisé) avant de commencer
A9: 3. Remplissez une ligne par cours à programmer cette semaine
A10: 4. Utilisez les listes déroulantes pour éviter les fautes de frappe
A11: 5. La colonne 'Cours' se remplit AUTOMATIQUEMENT quand vous choisissez le Code UE
A12: 6. Si un cours dure 2 créneaux, créez 2 lignes (ex: 7h30-10h00 ET 10h15-12h45)
A13: 7. Sauvegardez et envoyez via l'application FSChrono avant la date limite
A15: 📊 EXPLICATION DES COLONNES
... A54: FSChrono v1.0

Sheet Référentiel
A1: Niveaux | B1: Classes | C1: Codes UE | D1: Intitulés UE | E1: Enseignants | F1: Jours | G1: Horaires | H1: Types Cours
A2: LICENCE 1 | B2: TIC L1 | C2: TIC122 | D2: Introduction aux réseaux | E2: Non assigné | F2: Lundi | G2: 7h30-10h00 | H2: CM
A3: LICENCE 2 | B3: TIC L2 | C3: TIC132 | D3: Introduction aux systèmes d'exploitation | E3: M DAOUDA | F3: Mardi | G3: 10h15-12h45 | H3: TD
A4: LICENCE 3 | B4: TIC L3 | C4: TIC224 | D4: Développement logiciel I | E4: M HATMANN | F4: Mercredi | G4: 13h00-15h30 | H4: TP
A5: MASTER 1 | B5: M1 IA et BIG DATA | C5: TIC234 | D5: Architecture des logiciels | E5: M ASSOUMOU | F5: Jeudi | G5: 15h45-18h15 | H5: Séminaire
A6: MASTER 2 | B6: M2 IA et BIG DATA | C6: TIC254 | D6: Projet tuteuré | E6: Ing ASSOUMOU | F6: Vendredi | H6: Projet
C7: TIC316 | D7: Management des systèmes d'information | E7: Dr ADAMOU | F7: Samedi
C8: TIC336 | D8: Re-ingénierie des processus métiers | E8: Dr KENGNI
C9: TIC346 | D9: Développement d'applications mobiles | E9: Dr MESSI
C10: TIC458 | D10: Projet d'intégration | E10: Pr FENDJI
C11: TIC529 | D11: IA pour les systèmes Edge et IoT | E11: Pr BATOURE
C12: TIC539 | D12: Analyse avancée du Big Data et des graphes
C13: TIC559 | D13: IA fédérée et vie privée
